epoch,steps,cosine_pearson,cosine_spearman,euclidean_pearson,euclidean_spearman,manhattan_pearson,manhattan_spearman,dot_pearson,dot_spearman
0,-1,0.8680524276186887,0.8664847821584751,0.8696417747854966,0.8636920794467211,0.8696557900380543,0.8644273875620316,0.8582196813328925,0.8511213113192746
1,-1,0.8792434131317145,0.8775237809521756,0.8827898901664991,0.8760418559122132,0.882760353060423,0.8760470072330049,0.8684432996802958,0.8641453956763712
2,-1,0.8843157862848777,0.8846141259136404,0.8876237495383075,0.8820331424864164,0.8874133926262766,0.8817906011324842,0.873774502427756,0.8710072554643343
3,-1,0.8857553337291797,0.8859365558161597,0.8871307677787601,0.8832238702873668,0.8868515066778647,0.882449583844734,0.8754304048719782,0.8731312738096809
